{"x":0.8958333333333334,"y":0.9592592592592593}