{"x":0.004166666666666667,"y":0.07407407407407407}