{"x":0.51875,"y":0.6666666666666666}