{"x":0.004166666666666667,"y":0.17777777777777778}