{"x":0.004166666666666667,"y":0.007407407407407408}