{"x":0.004166666666666667,"y":0.040740740740740744}